Filename,Duration (in secs),Class,Background (BG) Sound (if any),BG onset,BG offset,,,,,,
movie0_segment101.mp3,5.0475,noise,,,,,,,,,
movie0_segment109.mp3,8.5889,noise,,,,,,,,,
movie0_segment11.mp3,22.0389,noise,,,,,,,,,
movie0_segment111_p0.mp3,70.78,noise,,,,,,,,,
movie0_segment111_p1.mp3,1.4,speech+noise,,,,,,,,,
movie0_segment111_p2.mp3,4.12,music+noise,,,,,,,,,
movie0_segment114.mp3,2.7706,noise,,,,,,,,,
movie0_segment116.mp3,13.299,noise,,,,,,,,,
movie0_segment119.mp3,6.6495,noise,,,,,,,,,
movie0_segment121_p0.mp3,4.95,noise,,,,,,,,,
movie0_segment121_p1.mp3,5.54,music+noise,,,,,,,,,
movie0_segment126.mp3,5.0017,noise,,,,,,,,,
movie0_segment128.mp3,18.1565,noise,,,,,,,,,
movie0_segment14.mp3,32.2127,noise,,,,,,,,,
movie0_segment140.mp3,10.0857,noise,,,,,,,,,
movie0_segment149.mp3,13.2306,noise,,,,,,,,,
movie0_segment19.mp3,24.5797,noise,,,,,,,,,
movie0_segment22.mp3,19.6163,noise,,,,,,,,,
movie0_segment24.mp3,71.7204,noise,,,,,,,,,
movie0_segment29.mp3,5.4022,noise,,,,,,,,,
movie0_segment3.mp3,9.6972,noise,,,,,,,,,
movie0_segment31.mp3,18.4999,noise,,,,,,,,,
movie0_segment33.mp3,21.8005,noise,,,,,,,,,
movie0_segment43.mp3,14.6338,noise,,,,,,,,,
movie0_segment47.mp3,11.6039,noise,,,,,,,,,
movie0_segment49.mp3,19.6714,noise,,,,,,,,,
movie0_segment5.mp3,31.4201,noise,,,,,,,,,
movie0_segment51.mp3,14.4844,noise,,,,,,,,,
movie0_segment53.mp3,6.9901,noise,,,,,,,,,
movie0_segment55.mp3,20.2255,noise,,,,,,,,,
movie0_segment58.mp3,21.6108,noise,,,,,,,,,
movie0_segment60.mp3,24.4375,noise,,,,,,,,,
movie0_segment65.mp3,16.9008,noise,,,,,,,,,
movie0_segment7.mp3,10.5283,noise,,,,,,,,,
movie0_segment70.mp3,4.4186,noise,,,,,,,,,
movie0_segment73.mp3,24.4375,noise,,,,,,,,,
movie0_segment77.mp3,60.1253,noise,,,,,,,,,
movie0_segment81.mp3,11.5999,noise,,,,,,,,,
movie0_segment83.mp3,22.442,noise,,,,,,,,,
movie0_segment86.mp3,8.5889,noise,,,,,,,,,
movie0_segment9.mp3,6.5385,noise,,,,,,,,,
movie0_segment91.mp3,5.03,noise,,,,,,,,,
movie0_segment95.mp3,33.8016,noise,,,,,,,,,
movie0_segment99_p0.mp3,7.15,noise,,,,,,,,,
movie0_segment99_p1.mp3,4.0591,music+noise,,,,,,,,,
movie1_segment63.mp3,9.2287,noise,,,,,,,,,
movie2_segment32_p0.mp3,2.32,music,,,,,,,,,
movie2_segment32_p1.mp3,5.792,noise,,,,,,,,,
movie2_segment55.mp3,7.4997,noise,,,,,,,,,
movie2_segment80.mp3,17.1787,noise,,,,,,,,,
movie2_segment87.mp3,26.7957,noise,,,,,,,,,
movie2_segment89_p0.mp3,14.27,noise,crowd_cheering,0,14.27,,,,,,
movie2_segment9.mp3,12.0892,noise,,,,,,,,,
movie3_segment100.mp3,17.4175,noise,,,,,,,,,
movie3_segment11.mp3,6.1138,noise,,,,,,,,,
movie3_segment112.mp3,9.327,noise,,,,,,,,,
movie3_segment55.mp3,7.8993,noise,,,,,,,,,
movie3_segment70.mp3,11.9697,noise,,,,,,,,,
movie3_segment74.mp3,26.4071,noise,,,,,,,,,
movie3_segment80.mp3,39.4721,noise,,,,,,,,,
movie3_segment88_p0.mp3,32.05,noise,,,,,,,,,
movie3_segment88_p1.mp3,5.93,music+noise,,,,,,,,,
movie3_segment88_p2.mp3,4.5771,noise,,,,,,,,,
movie0_segment133_p0.mp3,19.65,music+noise,,,,,,,,,
movie0_segment133_p1.mp3,10.26,music,,,,,,,,,
movie0_segment133_p2.mp3,8.4161,music+noise,,,,,,,,,
movie0_segment145_p0.mp3,1.27,music+noise,,,,,,,,,
movie0_segment145_p1.mp3,6.03,music+noise,,,,,,,,,
movie0_segment145_p2.mp3,1.96,music+noise,,,,,,,,,
movie0_segment145_p3.mp3,7.22,noise,,,,,,,,,
movie0_segment147.mp3,17.8647,music+noise,,,,,,,,,
movie0_segment26.mp3,42.6676,music+noise,,,,,,,,,
movie0_segment66.mp3,15.2384,music+noise,,,,,,,,,
movie0_segment79_p0.mp3,2.27,music+noise,,,,,,,,,
movie0_segment79_p1.mp3,11.8,noise,,,,,,,,,
movie0_segment79_p2.mp3,41.5918,music+noise,,,,,,,,,
movie0_segment96_p0.mp3,34.91,music+noise,,,,,,,,,
movie0_segment96_p1.mp3,1.85,speech+music+noise,,,,,,,,,
movie0_segment96_p2.mp3,3.6474,music+noise,,,,,,,,,
movie3_segment105.mp3,49.3149,music+noise,,,,,,,,,
movie3_segment109_p0.mp3,2.25,music+noise,,,,,,,,,
movie3_segment109_p1.mp3,6.59,music,,,,,,,,,
movie3_segment109_p2.mp3,1.73,music+noise,,,,,,,,,
movie3_segment109_p3.mp3,14.53,music,,,,,,,,,
movie3_segment109_p4.mp3,8.7322,music+noise,,,,,,,,,
movie3_segment13.mp3,5.2415,music+noise,,,,,,,,,
movie3_segment15.mp3,13.2821,music+noise,,,,,,,,,
movie3_segment73.mp3,25.8268,music+noise,,,,,,,,,
movie3_segment84.mp3,13.5772,music+noise,,,,,,,,,
movie1_segment10.mp3,6.8371,speech+noise,,,,,,,,,
movie1_segment107.mp3,35.2981,speech+noise,,,,,,,,,
movie1_segment114.mp3,33.3967,speech+noise,,,,,,,,,
movie1_segment116.mp3,16.5499,speech+noise,,,,,,,,,
movie1_segment121.mp3,6.8829,speech+noise,,,,,,,,,
movie1_segment125_p0.mp3,3.77,speech+noise,,,,,,,,,
movie1_segment125_p1.mp3,5.11,speech+music+noise,,,,,,,,,
movie1_segment125_p2.mp3,24.115,speech+noise,,,,,,,,,
movie1_segment16.mp3,32.861,speech+noise,,,,,,,,,
movie1_segment18.mp3,11.1093,speech+noise,,,,,,,,,
movie1_segment24.mp3,11.1226,speech+noise,,,,,,,,,
movie1_segment26.mp3,3.7136,speech+noise,,,,,,,,,
movie1_segment32.mp3,12.8727,speech+noise,,,,,,,,,
movie1_segment34.mp3,24.5976,speech+noise,,,,,,,,,
movie1_segment47_p0.mp3,21.15,speech,,,,,,,,,
movie1_segment47_p1.mp3,22.5547,speech+noise,,,,,,,,,
movie1_segment50.mp3,11.6156,speech+noise,,,,,,,,,
movie1_segment53.mp3,28.7821,speech+noise,,,,,,,,,
movie1_segment59_p0.mp3,10.12,speech+noise,,,,,,,,,
movie1_segment59_p1.mp3,6.19,noise,,,,,,,,,
movie1_segment59_p2.mp3,1.6063,speech+noise,,,,,,,,,
movie1_segment62.mp3,28.4577,speech+noise,,,,,,,,,
movie1_segment64.mp3,32.5114,speech+noise,,,,,,,,,
movie1_segment69.mp3,51.7713,speech+noise,,,,,,,,,
movie1_segment76.mp3,16.8556,speech+noise,,,,,,,,,
movie1_segment82.mp3,47.1259,speech+noise,,,,,,,,,
movie2_segment34_p0.mp3,86.48,speech+noise,,,,,,,,,
movie2_segment34_p1.mp3,9.23,speech+music+noise,,,,,,,,,
movie2_segment34_p2.mp3,3.9863,speech+noise,,,,,,,,,
movie2_segment36.mp3,10.5239,speech+noise,,,,,,,,,
movie2_segment45.mp3,6.9605,speech+noise,,,,,,,,,
movie2_segment47_p0.mp3,31.13,speech+noise,,,,,,,,,
movie2_segment47_p1.mp3,22.7785,speech+music+noise,,,,,,,,,
movie2_segment51.mp3,123.2633,speech+noise,,,,,,,,,
movie2_segment69.mp3,108.4422,speech+noise,,,,,,,,,
movie2_segment71.mp3,20.6807,speech+noise,,,,,,,,,
movie3_segment106.mp3,63.6175,speech+noise,,,,,,,,,
movie3_segment112_p0.mp3,84.2799,speech+music+noise,,,,,,,,,
movie3_segment117.mp3,61.9517,speech+noise,,,,,,,,,
movie3_segment129.mp3,14.3975,speech+noise,,,,,,,,,
movie3_segment131.mp3,14.2876,speech+noise,,,,,,,,,
movie3_segment15.mp3,11.1431,speech+noise,,,,,,,,,
movie3_segment23.mp3,10.5284,speech+noise,,,,,,,,,
movie3_segment30.mp3,3.7438,speech+noise,,,,,,,,,
movie3_segment39.mp3,40.3422,speech+noise,,,,,,,,,
movie3_segment6.mp3,4.1559,speech+noise,,,,,,,,,
movie3_segment61.mp3,44.2198,speech+noise,,,,,,,,,
movie3_segment75_p0.mp3,6.96,speech+noise,,,,,,,,,
movie3_segment75_p1.mp3,21.5774,speech+music+noise,,,,,,,,,
movie3_segment87.mp3,53.9201,speech+noise,,,,,,,,,
movie3_segment94.mp3,4.1559,speech+noise,,,,,,,,,
movie3_segment97.mp3,26.6777,speech+noise,,,,,,,,,
movie0_segment101_p0.mp3,27.28,speech,,,,,,,,,
movie0_segment101_p1.mp3,5.88,noise,,,,,,,,,
movie0_segment101_p2.mp3,13.668,speech,,,,,,,,,
movie0_segment108.mp3,16.3935,speech,,,,,,,,,
movie0_segment110.mp3,28.5615,speech,,,,,,,,,
movie0_segment118_p0.mp3,11.2095,speech,,,,,,,,,
movie0_segment12_p0.mp3,11.25,speech,,,,,,,,,
movie0_segment12_p1.mp3,12.72,speech+noise,,,,,,,,,
movie0_segment12_p2.mp3,4.2361,speech,,,,,,,,,
movie0_segment120.mp3,31.1317,speech,,,,,,,,,
movie0_segment122.mp3,9.9015,speech,,,,,,,,,
movie0_segment124_p0.mp3,4.9224,speech,,,,,,,,,
movie0_segment17_p0.mp3,4.44,speech+noise,,,,,,,,,
movie0_segment17_p1.mp3,10.4769,speech,,,,,,,,,
movie0_segment19.mp3,25.6464,speech,,,,,,,,,
movie0_segment25_p0.mp3,13.32,speech,,,,,,,,,
movie0_segment25_p1.mp3,3.52,speech+noise,,,,,,,,,
movie0_segment25_p2.mp3,47.8033,speech,,,,,,,,,
movie0_segment27_p0.mp3,7.89,speech,,,,,,,,,
movie0_segment27_p1.mp3,6.49,noise,,,,,,,,,
movie0_segment27_p2.mp3,4.0806,speech,,,,,,,,,
movie0_segment29.mp3,40.5888,speech,,,,,,,,,
movie0_segment31.mp3,25.2392,speech,,,,,,,,,
movie0_segment35_p0.mp3,22.16,speech,,,,,,,,,
movie0_segment35_p1.mp3,4.7068,speech+noise,,,,,,,,,
movie0_segment37.mp3,10.1505,speech,,,,,,,,,
movie0_segment39.mp3,19.6495,speech,,,,,,,,,
movie0_segment41.mp3,54.7311,speech,,,,,,,,,
movie0_segment43_p0.mp3,3.92,speech+music,,,,,,,,,
movie0_segment43_p1.mp3,16.3067,speech,,,,,,,,,
movie0_segment45_p0.mp3,3.11,speech+music,,,,,,,,,
movie0_segment45_p1.mp3,10.6788,speech,,,,,,,,,
movie0_segment49_p0.mp3,43.1,speech+noise,,,,,,,,,
movie0_segment49_p1.mp3,35.79,speech,,,,,,,,,
movie0_segment49_p2.mp3,12.787,speech+noise,,,,,,,,,
movie0_segment51.mp3,40.2293,speech,,,,,,,,,
movie0_segment57_p0.mp3,20.17,speech+noise,,,,,,,,,
movie0_segment60_p0.mp3,16.222,speech,,,,,,,,,
movie0_segment63_p0.mp3,65.36,speech,,,,,,,,,
movie0_segment63_p1.mp3,13.72,noise,,,,,,,,,
movie0_segment63_p2.mp3,11.9956,speech,,,,,,,,,
movie0_segment65.mp3,9.407,speech,,,,,,,,,
movie0_segment67.mp3,6.0833,speech,,,,,,,,,
movie0_segment7.mp3,35.8511,speech,,,,,,,,,
movie0_segment72_p0.mp3,1.67,speech,,,,,,,,,
movie0_segment72_p1.mp3,3.6161,noise,,,,,,,,,
movie0_segment79_p0.mp3,1.56,noise,,,,,,,,,
movie0_segment79_p1.mp3,17.94,speech,,,,,,,,,
movie0_segment79_p2.mp3,5.88,speech+noise,dog_barking,0,5.88,,,,,,
movie0_segment79_p3.mp3,24.03,speech,,,,,,,,,
movie0_segment79_p4.mp3,7.41,noise,,,,,,,,,
movie0_segment79_p5.mp3,39.4267,speech,,,,,,,,,
movie0_segment86_p0.mp3,41.7658,speech+noise,,,,,,,,,
movie0_segment9.mp3,63.8183,speech,,,,,,,,,
movie0_segment90_p0.mp3,17.94,speech,,,,,,,,,
movie0_segment90_p1.mp3,11.57,speech+music,,,,,,,,,
movie0_segment90_p2.mp3,20.44,speech,,,,,,,,,
movie0_segment90_p3.mp3,5.13,speech+music,,,,,,,,,
movie0_segment90_p4.mp3,2.0137,speech,,,,,,,,,
movie0_segment92_p0.mp3,19.65,speech,,,,,,,,,
movie0_segment92_p1.mp3,6.08,speech+music,,,,,,,,,
movie0_segment92_p2.mp3,1.7486,speech,,,,,,,,,
movie0_segment94_p0.mp3,3.11,speech+noise,,,,,,,,,
movie0_segment94_p1.mp3,77.2875,speech,,,,,,,,,
movie0_segment96_p0.mp3,8.74,speech,,,,,,,,,
movie0_segment96_p1.mp3,3.47,noise,,,,,,,,,
movie0_segment96_p2.mp3,23.9741,speech,,,,,,,,,
movie0_segment98_p0.mp3,9.09,speech+noise,,,,,,,,,
movie0_segment98_p1.mp3,13.03,speech,,,,,,,,,
movie0_segment98_p2.mp3,12.49,noise,,,,,,,,,
movie0_segment98_p3.mp3,13.7951,speech,,,,,,,,,
movie1_segment100_000.mp3,100.0083,speech,,,,,,,,,
movie1_segment100_001_p0.mp3,1.52,speech,,,,,,,,,
movie1_segment100_001_p1.mp3,1.58,noise,,,,,,,,,
movie1_segment100_001_p2.mp3,42.34,speech,,,,,,,,,
movie1_segment100_001_p3.mp3,2.66,noise,,,,,,,,,
movie1_segment100_001_p4.mp3,2.91,speech,,,,,,,,,
movie1_segment100_001_p5.mp3,5.57,noise,,,,,,,,,
movie1_segment100_001_p6.mp3,16.5321,speech,,,,,,,,,
movie1_segment103_p0.mp3,6.79,speech,,,,,,,,,
movie1_segment103_p1.mp3,6.67,noise,,,,,,,,,
movie1_segment103_p2.mp3,34.0779,speech,,,,,,,,,
movie1_segment105_p0.mp3,1.59,speech,,,,,,,,,
movie1_segment105_p1.mp3,4.53,noise,,,,,,,,,
movie1_segment105_p2.mp3,14.0417,speech,,,,,,,,,
movie1_segment107.mp3,90.3822,speech,,,,,,,,,
movie1_segment11_p0.mp3,98.4751,speech+noise,,,,,,,,,
movie1_segment13_000_p0.mp3,6.84,speech+noise,,,,,,,,,
movie1_segment13_000_p1.mp3,22.86,speech+music,,,,,,,,,
movie1_segment13_000_p2.mp3,70.3083,speech,,,,,,,,,
movie1_segment13_001_p0.mp3,61.88,speech,,,,,,,,,
movie1_segment13_001_p1.mp3,5.28,speech+noise,,,,,,,,,
movie1_segment13_001_p2.mp3,32.8483,speech,,,,,,,,,
movie1_segment13_002_p0.mp3,57.7,speech,,,,,,,,,
movie1_segment13_002_p1.mp3,5.22,speech+noise,dog_barking,0,5.22,,,,,,
movie1_segment13_002_p2.mp3,37.0651,speech,,,,,,,,,
movie1_segment13_003_p0.mp3,37.66,speech,,,,,,,,,
movie1_segment13_003_p1.mp3,36.19,speech+noise,,,,,,,,,
movie1_segment13_003_p2.mp3,26.1584,speech,,,,,,,,,
movie1_segment13_004_p0.mp3,100.0083,speech+noise,,,,,,,,,
movie1_segment13_005.mp3,99.9851,speech,,,,,,,,,
movie1_segment13_006_p0.mp3,34.55,speech,,,,,,,,,
movie1_segment13_006_p1.mp3,16.21,noise,,,,,,,,,
movie1_segment13_006_p2.mp3,10.8315,speech,,,,,,,,,
movie1_segment15.mp3,95.5674,speech,,,,,,,,,
movie1_segment17.mp3,79.8229,speech,,,,,,,,,
movie1_segment19_000_p0.mp3,13.16,speech,,,,,,,,,
movie1_segment19_000_p1.mp3,12.64,noise,,,,,,,,,
movie1_segment19_000_p2.mp3,74.2083,speech,,,,,,,,,
movie1_segment19_001.mp3,100.0083,speech,,,,,,,,,
movie1_segment19_002_p0.mp3,1.01,speech,,,,,,,,,
movie1_segment19_002_p1.mp3,3.35,speech+noise,dog_barking,0,3.35,,,,,,
movie1_segment19_002_p2.mp3,4.43,speech,,,,,,,,,
movie1_segment19_002_p3.mp3,5.97,speech+noise,,,,,,,,,
movie1_segment19_002_p4.mp3,85.2251,speech,,,,,,,,,
movie1_segment19_003.mp3,50.1952,speech,,,,,,,,,
movie1_segment21.mp3,35.313,speech,,,,,,,,,
movie1_segment23_p0.mp3,35.53,speech,,,,,,,,,
movie1_segment23_p1.mp3,17.5,noise,,,,,,,,,
movie1_segment25_p0.mp3,7.36,speech,,,,,,,,,
movie1_segment25_p1.mp3,2.35,speech+noise,,,,,,,,,
movie1_segment25_p2.mp3,18.4707,speech,,,,,,,,,
movie1_segment28.mp3,41.8905,speech,,,,,,,,,
movie1_segment3_p0.mp3,67.26,speech+noise,,,,,,,,,
movie1_segment31_000_p0.mp3,4.24,speech,,,,,,,,,
movie1_segment31_000_p1.mp3,1.43,noise,,,,,,,,,
movie1_segment31_000_p2.mp3,13.85,speech,,,,,,,,,
movie1_segment31_000_p3.mp3,2.26,speech+noise,,,,,,,,,
movie1_segment31_000_p4.mp3,12.59,speech,,,,,,,,,
movie1_segment31_000_p5.mp3,2.05,speech+noise,,,,,,,,,
movie1_segment31_000_p6.mp3,63.5883,speech,,,,,,,,,
movie1_segment31_001.mp3,100.0083,speech,,,,,,,,,
movie1_segment31_002_p0.mp3,43.49,speech,,,,,,,,,
movie1_segment31_002_p1.mp3,7,speech+noise,,,,,,,,,
movie1_segment31_002_p2.mp3,49.4951,speech,,,,,,,,,
movie1_segment31_003.mp3,100.0083,speech,,,,,,,,,
movie1_segment31_004.mp3,7.9927,speech,,,,,,,,,
movie1_segment33_000.mp3,100.0083,speech,,,,,,,,,
movie1_segment33_001_p0.mp3,63.41,speech,,,,,,,,,
movie1_segment33_001_p1.mp3,2.91,music,,,,,,,,,
movie1_segment33_001_p3.mp3,9.61,speech+noise,,,,,,,,,
movie1_segment33_001_p4.mp3,17.2996,speech,,,,,,,,,
movie1_segment37.mp3,30.1476,speech,,,,,,,,,
movie1_segment39.mp3,13.28,speech,,,,,,,,,
movie1_segment41.mp3,29.2443,speech,,,,,,,,,
movie1_segment43.mp3,66.7391,speech,,,,,,,,,
movie1_segment5_000_p0.mp3,74.86,speech+noise,bird_sound,0,74.86,,,,,,
movie1_segment5_000_p1.mp3,12.38,noise,,,,,,,,,
movie1_segment5_000_p2.mp3,12.7683,speech+noise,bird_sound,0,12.77,,,,,,
movie1_segment5_001_p0.mp3,23.91,speech+noise,bird_sound,0,23.91,,,,,,
movie1_segment5_001_p2.mp3,7,noise,,,,,,,,,
movie1_segment5_001_p3.mp3,11.0177,speech+noise,bird_sound,0,11.02,,,,,,
movie1_segment52_000_p0.mp3,3.73,noise,,,,,,,,,
movie1_segment52_000_p1.mp3,12.45,speech,,,,,,,,,
movie1_segment52_000_p2.mp3,11.82,noise,,,,,,,,,
movie1_segment52_000_p3.mp3,72.0083,speech,,,,,,,,,
movie1_segment52_001_p0.mp3,25.11,speech,,,,,,,,,
movie1_segment52_001_p1.mp3,15.67,speech+noise,,,,,,,,,
movie1_segment52_001_p2.mp3,28.74,speech,,,,,,,,,
movie1_segment52_001_p3.mp3,4.59,speech+noise,,,,,,,,,
movie1_segment52_001_p4.mp3,25.8983,speech,,,,,,,,,
movie1_segment52_002.mp3,99.9851,speech,,,,,,,,,
movie1_segment52_003_p0.mp3,90.53,speech,,,,,,,,,
movie1_segment52_003_p1.mp3,5.48,noise,,,,,,,,,
movie1_segment52_003_p2.mp3,1.2738,speech,,,,,,,,,
movie1_segment54.mp3,44.9688,speech,,,,,,,,,
movie1_segment57.mp3,59.5103,speech,,,,,,,,,
movie1_segment59.mp3,70.402,speech,,,,,,,,,
movie1_segment61.mp3,35.2209,speech,,,,,,,,,
movie1_segment64_p0.mp3,13.13,noise,,,,,,,,,
movie1_segment64_p1.mp3,24.5577,speech,,,,,,,,,
movie1_segment66.mp3,33.9524,speech,,,,,,,,,
movie1_segment68_p0.mp3,1.9,noise,,,,,,,,,
movie1_segment68_p1.mp3,50.85,speech,,,,,,,,,
movie1_segment68_p2.mp3,8.0658,noise,,,,,,,,,
movie1_segment70_000_p0.mp3,8.86,speech+noise,,,,,,,,,
movie1_segment70_000_p1.mp3,91.1483,speech,,,,,,,,,
movie1_segment70_001.mp3,100.0083,speech,,,,,,,,,
movie1_segment70_002.mp3,20.2346,speech,,,,,,,,,
movie1_segment72_p0.mp3,15.62,speech,,,,,,,,,
movie1_segment72_p1.mp3,42.3,noise,,,,,,,,,
movie1_segment72_p2.mp3,35.5202,speech,,,,,,,,,
movie1_segment74_000_p0.mp3,61.46,speech,,,,,,,,,
movie1_segment74_000_p1.mp3,38.5483,speech+music,,,,,,,,,
movie1_segment74_001_p0.mp3,6.5,speech+music,,,,,,,,,
movie1_segment74_001_p1.mp3,93.5083,speech,,,,,,,,,
movie1_segment74_002.mp3,46.1585,speech,,,,,,,,,
movie1_segment76.mp3,37.8422,speech,,,,,,,,,
movie1_segment78.mp3,60.403,speech,,,,,,,,,
movie1_segment8_000_p0.mp3,11.78,speech+noise,,,,,,,,,
movie1_segment8_000_p1.mp3,14.8,noise,,,,,,,,,
movie1_segment8_000_p2.mp3,25.04,speech+noise,,,,,,,,,
movie1_segment8_000_p3.mp3,48.3883,speech,,,,,,,,,
movie1_segment8_001_p0.mp3,2.45,speech,,,,,,,,,
movie1_segment8_001_p1.mp3,5.2,noise,,,,,,,,,
movie1_segment8_001_p2.mp3,31.97,speech,,,,,,,,,
movie1_segment8_001_p3.mp3,9.23,speech+noise,,,,,,,,,
movie1_segment82.mp3,13.1873,speech,,,,,,,,,
movie1_segment84_p0.mp3,3.86,speech,,,,,,,,,
movie1_segment84_p1.mp3,3.11,speech+music,,,,,,,,,
movie1_segment84_p2.mp3,14.79,speech,,,,,,,,,
movie1_segment84_p3.mp3,2.02,speech+music,,,,,,,,,
movie1_segment84_p4.mp3,63.2118,speech,,,,,,,,,
movie1_segment86_p0.mp3,29.39,speech,,,,,,,,,
movie1_segment86_p1.mp3,1.86,speech+noise,,,,,,,,,
movie1_segment86_p2.mp3,4.9247,speech,,,,,,,,,
movie1_segment90.mp3,24.9794,speech,,,,,,,,,
movie1_segment94_p0.mp3,27.7367,noise,,,,,,,,,
movie1_segment98.mp3,28.697,speech,,,,,,,,,
movie2_segment12_p0.mp3,25.55,speech+noise,,,,,,,,,
movie2_segment14_p0.mp3,33.61,speech+noise,bird_sound,0,33.61,,,,,,
movie2_segment16.mp3,12.7924,speech,,,,,,,,,
movie2_segment18_p0.mp3,14.42,speech+noise,bird_sound,0,14.42,,,,,,
movie2_segment18_p1.mp3,1.02,speech+noise,horse_neighing,0,1.02,,,,,,
movie2_segment18_p2.mp3,6.93,speech+noise,bird_sound,0,6.93,,,,,,
movie2_segment21_p0.mp3,3.03,speech+noise,,,,,,,,,
movie2_segment21_p1.mp3,25.26,speech,,,,,,,,,
movie2_segment21_p2.mp3,3.98,speech+noise,bird_sound,0,3.98,,,,,,
movie2_segment21_p3.mp3,9.852,speech,,,,,,,,,
movie2_segment23_p0.mp3,28.53,speech,,,,,,,,,
movie2_segment23_p1.mp3,3.43,noise,,,,,,,,,
movie2_segment23_p2.mp3,6.8681,speech,,,,,,,,,
movie2_segment25_p0.mp3,7.47,speech+noise,bird_sound,0,7.47,,,,,,
movie2_segment25_p1.mp3,10.42,speech+music,,,,,,,,,
movie2_segment25_p2.mp3,55.1971,speech+noise,bird_sound,0,55.2,,,,,,
movie2_segment28_p0.mp3,11.89,speech,,,,,,,,,
movie2_segment28_p1.mp3,5.4995,speech+noise,,,,,,,,,
movie2_segment30_p0.mp3,4.8,speech+noise,,,,,,,,,
movie2_segment30_p1.mp3,16.8,speech+noise,bird_sound,0,16.8,,,,,,
movie2_segment32_p0.mp3,32.63,speech+noise,,,,,,,,,
movie2_segment32_p1.mp3,9.18,speech+music,,,,,,,,,
movie2_segment32_p2.mp3,47.2984,speech,,,,,,,,,
movie2_segment34_p0_5982.mp3,24.25,speech+noise,crying_baby,0,24.25,,,,,,
movie2_segment34_p1.mp3,4.1905,speech,,,,,,,,,
movie2_segment37_p0.mp3,7.3,speech+noise,,,,,,,,,
movie2_segment39.mp3,25.6389,speech,,,,,,,,,
movie2_segment4.mp3,52.8857,speech,,,,,,,,,
movie2_segment41_p0.mp3,1.98,speech+noise,bell_ring,0,1.98,,,,,,
movie2_segment41_p1.mp3,6.08,speech+noise,,,,,,,,,
movie2_segment43.mp3,33.2901,speech,,,,,,,,,
movie2_segment45_000_p0.mp3,47.63,speech,,,,,,,,,
movie2_segment45_000_p1.mp3,3.62,speech+music,,,,,,,,,
movie2_segment45_000_p2.mp3,48.7583,speech,,,,,,,,,
movie2_segment45_001.mp3,43.5887,speech,,,,,,,,,
movie2_segment50_p0.mp3,1.97,noise,,,,,,,,,
movie2_segment50_p1.mp3,37.87,speech,,,,,,,,,
movie2_segment50_p2.mp3,3.34,speech+music,,,,,,,,,
movie2_segment50_p3.mp3,57.658,speech,,,,,,,,,
movie2_segment52_p0.mp3,16.5081,speech+noise,,,,,,,,,
movie2_segment54_p0.mp3,6.91,speech+noise,,,,,,,,,
movie2_segment54_p1.mp3,27.5182,speech,,,,,,,,,
movie2_segment58_p0.mp3,57.86,speech,,,,,,,,,
movie2_segment58_p1.mp3,9.91,noise,,,,,,,,,
movie2_segment58_p2.mp3,30.09,speech,,,,,,,,,
movie2_segment58_p3.mp3,5.84,speech+music,,,,,,,,,
movie2_segment58_p4.mp3,29.4337,speech,,,,,,,,,
movie2_segment6_000_p0.mp3,2.95,speech,,,,,,,,,
movie2_segment6_000_p1.mp3,4.33,speech+noise,,,,,,,,,
movie2_segment6_000_p2.mp3,11.47,speech,,,,,,,,,
movie2_segment6_000_p3.mp3,61.85,speech+music,,,,,,,,,
movie2_segment6_000_p4.mp3,19.4084,speech,,,,,,,,,
movie2_segment6_001_p0.mp3,37.15,speech,,,,,,,,,
movie2_segment6_001_p1.mp3,62.8583,speech+music,,,,,,,,,
movie2_segment6_002_p0.mp3,6.2554,speech+music,,,,,,,,,
movie2_segment60_p0.mp3,55.69,speech,,,,,,,,,
movie2_segment60_p1.mp3,5.61,speech+music,,,,,,,,,
movie2_segment60_p2.mp3,13.4509,speech,,,,,,,,,
movie2_segment62_p0.mp3,41.81,speech,,,,,,,,,
movie2_segment62_p1.mp3,1.59,speech+music,,,,,,,,,
movie2_segment62_p2.mp3,9.2636,speech,,,,,,,,,
movie2_segment64_000_p0.mp3,3.91,speech,,,,,,,,,
movie2_segment64_000_p1.mp3,7.41,speech+music,,,,,,,,,
movie2_segment64_000_p2.mp3,20.77,speech,,,,,,,,,
movie2_segment64_000_p3.mp3,2.45,music,,,,,,,,,
movie2_segment64_000_p4.mp3,18.06,speech,,,,,,,,,
movie2_segment64_000_p5.mp3,1.62,music,,,,,,,,,
movie2_segment64_000_p6.mp3,45.7883,speech,,,,,,,,,
movie2_segment64_001_p0.mp3,41.11,speech,,,,,,,,,
movie2_segment64_001_p1.mp3,3.54,speech+music,,,,,,,,,
movie2_segment64_001_p2.mp3,53.2437,speech,,,,,,,,,
movie2_segment66_p0.mp3,53.97,speech,,,,,,,,,
movie2_segment66_p1.mp3,2.89,noise,,,,,,,,,
movie2_segment66_p2.mp3,26.4904,speech,,,,,,,,,
movie2_segment69.mp3,25.5749,speech,,,,,,,,,
movie2_segment71.mp3,5.4976,speech,,,,,,,,,
movie2_segment75.mp3,21.1357,speech,,,,,,,,,
movie2_segment79.mp3,32.5469,speech,,,,,,,,,
movie2_segment8_p0.mp3,3.96,noise,,,,,,,,,
movie2_segment8_p1.mp3,44.1478,speech+noise,bird_sound,0,44.15,,,,,,
movie2_segment83_p0.mp3,45.8351,speech+noise,,,,,,,,,
movie2_segment86.mp3,28.9017,speech,,,,,,,,,
movie3_segment10.mp3,10.5284,speech,,,,,,,,,
movie3_segment105_p0.mp3,9.86,speech+noise,,,,,,,,,
movie3_segment110_p0.mp3,19.1173,speech+noise,,,,,,,,,
movie3_segment115.mp3,28.5374,speech,,,,,,,,,
movie3_segment118_p0.mp3,95.8086,speech+noise,,,,,,,,,
movie3_segment120_p0.mp3,63.48,speech+noise,,,,,,,,,
movie3_segment134.mp3,6.7452,speech,,,,,,,,,
movie3_segment136.mp3,31.6283,speech,,,,,,,,,
movie3_segment141_p0.mp3,48.62,speech+noise,,,,,,,,,
movie3_segment143.mp3,90.0929,speech,,,,,,,,,
movie3_segment148_p0.mp3,3.6397,speech+noise,,,,,,,,,
movie3_segment16_000.mp3,100.0083,speech,,,,,,,,,
movie3_segment16_001_p0.mp3,47.16,speech+noise,,,,,,,,,
movie3_segment18_p0.mp3,30.62,speech+noise,,,,,,,,,
movie3_segment20_p0.mp3,8.94,speech+noise,,,,,,,,,
movie3_segment28_p0.mp3,11.41,speech+noise,,,,,,,,,
movie3_segment34_p0.mp3,12.33,speech+noise,,,,,,,,,
movie3_segment37.mp3,22.442,speech,,,,,,,,,
movie3_segment4_p0.mp3,14.96,speech+noise,,,,,,,,,
movie3_segment40_p0.mp3,105.78,speech,,,,,,,,,
movie3_segment40_p1.mp3,2.7,speech+noise,car_horn,0,2.7,,,,,,
movie3_segment40_p2.mp3,5.1257,noise,,,,,,,,,
movie3_segment50_p0.mp3,56.7977,speech+noise,,,,,,,,,
movie3_segment52.mp3,32.3496,speech,,,,,,,,,
movie3_segment54.mp3,27.9092,speech,,,,,,,,,
movie3_segment63_p0.mp3,33.84,speech,,,,,,,,,
movie3_segment63_p1.mp3,8.9295,noise,,,,,,,,,
movie3_segment82.mp3,26.0438,speech,,,,,,,,,
movie3_segment84_p0.mp3,15.6,speech,,,,,,,,,
movie3_segment84_p1.mp3,5.81,speech+noise,,,,,,,,,
movie3_segment84_p2.mp3,8.99,speech,,,,,,,,,
movie3_segment84_p3.mp3,17.94,speech+noise,,,,,,,,,
movie3_segment84_p4.mp3,12.4269,speech,,,,,,,,,
movie3_segment92_p0.mp3,12.7,speech+noise,,,,,,,,,
movie0_segment10_000_p0.mp3,3.62,music,,,,,,,,,
movie0_segment10_000_p1.mp3,38.75,speech+music,,,,,,,,,
movie0_segment10_000_p2.mp3,29.82,music,,,,,,,,,
movie0_segment10_000_p3.mp3,27.8183,speech+music,,,,,,,,,
movie0_segment10_001_p0.mp3,7.71,speech+music,,,,,,,,,
movie0_segment10_001_p1.mp3,36.71,music,,,,,,,,,
movie0_segment10_001_p2.mp3,55.5883,speech+music,,,,,,,,,
movie0_segment10_002_p0.mp3,4.84,speech+music,,,,,,,,,
movie0_segment10_002_p1.mp3,40.09,music,,,,,,,,,
movie0_segment10_002_p2.mp3,55.0551,speech+music,,,,,,,,,
movie0_segment10_003_p0.mp3,15.37,speech+music,,,,,,,,,
movie0_segment10_003_p1.mp3,21.34,speech+music+noise,,,,,,,,,
movie0_segment10_003_p2.mp3,52.004,speech+music,,,,,,,,,
movie0_segment13_000_p0.mp3,5.37,noise,,,,,,,,,
movie0_segment13_000_p1.mp3,52.07,speech+music,,,,,,,,,
movie0_segment13_000_p21.mp3,29.96,speech+music,,,,,,,,,
movie0_segment13_000_p22.mp3,2.95,speech+noise,,,,,,,,,
movie0_segment13_000_p3.mp3,9.6483,music,,,,,,,,,
movie0_segment13_001_p0.mp3,3.43,music,,,,,,,,,
movie0_segment13_001_p1.mp3,12.53,speech+music,,,,,,,,,
movie0_segment13_001_p2.mp3,25.3,speech+music+noise,,,,,,,,,
movie0_segment13_001_p3.mp3,15.17,speech+music,,,,,,,,,
movie0_segment13_001_p4.mp3,28.75,speech+noise,,,,,,,,,
movie0_segment13_001_p5.mp3,14.8283,speech+music,,,,,,,,,
movie0_segment13_002_p0.mp3,6.72,speech+music,,,,,,,,,
movie0_segment13_002_p1.mp3,38.148,speech+music+noise,,,,,,,,,
movie0_segment15.mp3,37.4605,speech+music,,,,,,,,,
movie0_segment17.mp3,24.1139,speech+music,,,,,,,,,
movie0_segment2_p0.mp3,7.82,speech+noise,,,,,,,,,
movie0_segment2_p1.mp3,99.32,speech+music,,,,,,,,,
movie0_segment2_p2.mp3,17.15,speech+noise,,,,,,,,,
movie0_segment2_p3.mp3,31.79,speech+music,,,,,,,,,
movie0_segment2_p4.mp3,9.82,music,,,,,,,,,
movie0_segment2_p5.mp3,86.78,speech+music,,,,,,,,,
movie0_segment2_p61.mp3,17.82,music,,,,,,,,,
movie0_segment2_p62.mp3,2.87,speech+music,,,,,,,,,
movie0_segment2_p7.mp3,85.53,speech+music,,,,,,,,,
movie0_segment2_p8.mp3,40.57,music,,,,,,,,,
movie0_segment2_p9.mp3,83.809,speech+music,,,,,,,,,
movie0_segment20_p0.mp3,11.63,music,,,,,,,,,
movie0_segment20_p1.mp3,47.17,speech+music,,,,,,,,,
movie0_segment20_p2.mp3,9.12,speech+music+noise,,,,,,,,,
movie0_segment20_p3.mp3,19.08,speech+music,,,,,,,,,
movie0_segment20_p4.mp3,1.9385,noise,,,,,,,,,
movie0_segment22.mp3,6.9815,speech+music,,,,,,,,,
movie0_segment24.mp3,52.91,speech+music,,,,,,,,,
movie0_segment27_000.mp3,100.0083,speech+music,,,,,,,,,
movie0_segment27_001.mp3,89.2336,speech+music,,,,,,,,,
movie0_segment29_000.mp3,100.0083,speech+music,,,,,,,,,
movie0_segment29_001_p0.mp3,3.01,speech+music,,,,,,,,,
movie0_segment29_001_p1.mp3,13.58,music,,,,,,,,,
movie0_segment29_001_p2.mp3,15.9543,speech+music,,,,,,,,,
movie0_segment31_000.mp3,100.0083,speech+music,,,,,,,,,
movie0_segment31_001.mp3,89.2427,speech+music,,,,,,,,,
movie0_segment33.mp3,45.8174,speech+music,,,,,,,,,
movie0_segment36_000.mp3,100.0083,speech+music,,,,,,,,,
movie0_segment36_001.mp3,82.7817,speech+music,,,,,,,,,
movie0_segment40.mp3,11.5613,speech+music,,,,,,,,,
movie0_segment42_p0.mp3,13.71,music,,,,,,,,,
movie0_segment42_p1.mp3,1.92,speech+music,,,,,,,,,
movie0_segment42_p2.mp3,2.61,speech+music+noise,,,,,,,,,
movie0_segment42_p3.mp3,70.83,speech+music,,,,,,,,,
movie0_segment42_p4.mp3,8.3256,music,,,,,,,,,
movie0_segment44.mp3,74.7682,speech+music,,,,,,,,,
movie0_segment46_p0.mp3,4.76,music,,,,,,,,,
movie0_segment46_p1.mp3,11.6751,speech+music,,,,,,,,,
movie0_segment48_p0.mp3,3.35,noise,,,,,,,,,
movie0_segment48_p1.mp3,13.4798,speech+music,,,,,,,,,
movie0_segment5_000_p0.mp3,6.24,music,,,,,,,,,
movie0_segment5_000_p1.mp3,93.7683,speech+music,,,,,,,,,
movie0_segment5_001.mp3,100.0083,speech+music,,,,,,,,,
movie0_segment5_002_p0.mp3,40.15,speech+music,,,,,,,,,
movie0_segment5_002_p1.mp3,22.5,music+noise,,,,,,,,,
movie0_segment5_002_p2.mp3,37.3351,speech+music+noise,,,,,,,,,
movie0_segment5_003_p0.mp3,69.7,speech+music,,,,,,,,,
movie0_segment5_003_p1.mp3,4.09,speech+music+noise,,,,,,,,,
movie0_segment5_003_p2.mp3,26.2183,speech+music,,,,,,,,,
movie0_segment5_004_p0.mp3,3.38,speech+music,,,,,,,,,
movie0_segment5_004_p1.mp3,17.53,speech+noise,,,,,,,,,
movie0_segment5_004_p2.mp3,37.27,music,,,,,,,,,
movie0_segment5_004_p3.mp3,41.8283,speech+music,,,,,,,,,
movie0_segment5_005_p0.mp3,6.54,speech+music,,,,,,,,,
movie0_segment5_005_p1.mp3,27.35,music,,,,,,,,,
movie0_segment5_005_p2.mp3,57.09,speech+music,,,,,,,,,
movie0_segment5_005_p3.mp3,9.0051,music,,,,,,,,,
movie0_segment5_006_p0.mp3,30.43,music,,,,,,,,,
movie0_segment5_006_p1.mp3,69.5783,speech+music,,,,,,,,,
movie0_segment5_007.mp3,6.0541,speech+music,,,,,,,,,
movie0_segment51_000_p0.mp3,17.68,music,,,,,,,,,
movie0_segment51_000_p1.mp3,8.26,speech+music,,,,,,,,,
movie0_segment51_000_p2.mp3,11.48,music,,,,,,,,,
movie0_segment51_000_p3.mp3,57.72,speech+music,,,,,,,,,
movie0_segment51_000_p4.mp3,4.8683,music,,,,,,,,,
movie0_segment51_001_p0.mp3,15.64,music,,,,,,,,,
movie0_segment51_001_p1.mp3,8.66,speech+music,,,,,,,,,
movie0_segment51_001_p2.mp3,8.93,music,,,,,,,,,
movie0_segment51_001_p3.mp3,66.7784,speech+music,,,,,,,,,
movie0_segment51_002_p0.mp3,2.45,speech+music,,,,,,,,,
movie0_segment51_002_p1.mp3,4.9,music,,,,,,,,,
movie0_segment51_002_p2.mp3,8.79,speech+music,,,,,,,,,
movie0_segment51_002_p3.mp3,26.28,music,,,,,,,,,
movie0_segment51_002_p4.mp3,57.5651,speech+music,,,,,,,,,
movie0_segment51_003.mp3,14.5039,speech+music,,,,,,,,,
movie0_segment53_p0.mp3,5.56,music,,,,,,,,,
movie0_segment53_p1.mp3,71.9347,speech+music,,,,,,,,,
movie0_segment55.mp3,74.0677,speech+music,,,,,,,,,
movie0_segment57_000.mp3,100.0083,speech+music,,,,,,,,,
movie0_segment57_001_p0.mp3,16.28,speech+music,,,,,,,,,
movie0_segment57_001_p1.mp3,50.49,music+noise,,,,,,,,,
movie0_segment57_001_p2.mp3,26.8188,speech+music,,,,,,,,,
movie0_segment59_p0.mp3,18.94,speech+music,,,,,,,,,
movie0_segment59_p1.mp3,3.81,music,,,,,,,,,
movie0_segment59_p2.mp3,7.7245,speech+music,,,,,,,,,
movie0_segment61_p0.mp3,1.37,music,,,,,,,,,
movie0_segment61_p1.mp3,8.14,speech+music,,,,,,,,,
movie0_segment61_p2.mp3,4.9156,music,,,,,,,,,
movie0_segment67_p0.mp3,65.76,speech+music,,,,,,,,,
movie0_segment67_p1.mp3,7.12,speech,,,,,,,,,
movie0_segment67_p2.mp3,11.0283,speech+music,,,,,,,,,
movie0_segment7_000_p0.mp3,14.45,speech+music,,,,,,,,,
movie0_segment7_000_p1.mp3,34.19,speech+music+noise,,,,,,,,,
movie0_segment7_000_p2.mp3,18.54,speech+noise,,,,,,,,,
movie0_segment7_000_p3.mp3,32.8283,speech+music,,,,,,,,,
movie0_segment7_001_p0.mp3,66.89,speech+music,,,,,,,,,
movie0_segment7_001_p1.mp3,13.66,speech+music+noise,,,,,,,,,
movie0_segment7_001_p2.mp3,19.4583,speech+music,,,,,,,,,
movie0_segment7_002.mp3,35.2858,speech+music,,,,,,,,,
movie0_segment70.mp3,49.9273,speech+music,,,,,,,,,
movie0_segment72_p0.mp3,38.68,speech+music,,,,,,,,,
movie0_segment72_p1.mp3,6.79,music+noise,,,,,,,,,
movie0_segment72_p2.mp3,35.4251,speech+music,,,,,,,,,
movie0_segment74_p0.mp3,9.91,speech+noise,,,,,,,,,
movie0_segment74_p1.mp3,76.7618,speech+music,,,,,,,,,
movie0_segment76_000.mp3,100.0083,speech+music,,,,,,,,,
movie0_segment76_001.mp3,100.0083,speech+music,,,,,,,,,
movie0_segment76_002_p0.mp3,1.228,music+noise,,,,,,,,,
movie0_segment78.mp3,44.0133,speech+music,,,,,,,,,
movie0_segment80_000.mp3,100.0083,speech+music,,,,,,,,,
movie0_segment80_001_p0.mp3,13.9,speech+music,,,,,,,,,
movie0_segment80_001_p1.mp3,6.64,noise,,,,,,,,,
movie0_segment82.mp3,109.9471,speech+music,,,,,,,,,
movie0_segment85_000_p0.mp3,8.06,speech+music,,,,,,,,,
movie0_segment85_000_p1.mp3,91.9483,speech+music+noise,,,,,,,,,
movie0_segment85_001_p0.mp3,16.15,speech+music+noise,,,,,,,,,
movie0_segment85_001_p1.mp3,4.66,noise,,,,,,,,,
movie0_segment85_001_p2.mp3,29,speech+music,,,,,,,,,
movie0_segment85_001_p3.mp3,3.8579,noise,,,,,,,,,
movie0_segment87_000.mp3,100.0083,speech+music,,,,,,,,,
movie0_segment87_001.mp3,100.0083,speech+music,,,,,,,,,
movie0_segment87_002_p0.mp3,14.47,speech+music,,,,,,,,,
movie0_segment87_002_p1.mp3,12.54,music,,,,,,,,,
movie0_segment87_002_p2.mp3,10.06,speech+music,,,,,,,,,
movie0_segment87_002_p3.mp3,10.31,music,,,,,,,,,
movie0_segment87_002_p4.mp3,52.6051,speech+music,,,,,,,,,
movie0_segment87_003_p0.mp3,23.87,speech+music,,,,,,,,,
movie0_segment87_003_p1.mp3,15.8,music,,,,,,,,,
movie0_segment87_003_p2.mp3,9.66,speech+music,,,,,,,,,
movie0_segment87_003_p3.mp3,7.83,music,,,,,,,,,
movie0_segment87_003_p4.mp3,42.8483,speech+music,,,,,,,,,
movie0_segment87_004_p0.mp3,3.74,speech+music,,,,,,,,,
movie0_segment87_004_p1.mp3,12.09,music,,,,,,,,,
movie0_segment87_004_p2.mp3,84.1783,speech+music,,,,,,,,,
movie0_segment87_005.mp3,74.1875,speech+music,,,,,,,,,
movie1_segment102_p0.mp3,9.8,music,,,,,,,,,
movie1_segment102_p1.mp3,26.4951,speech+music,,,,,,,,,
movie1_segment104_000_p0.mp3,25.76,speech+music,,,,,,,,,
movie1_segment104_000_p1.mp3,9.13,music+noise,,,,,,,,,
movie1_segment104_000_p2.mp3,32.59,speech+music,,,,,,,,,
movie1_segment104_000_p3.mp3,14.25,music+noise,,,,,,,,,
movie1_segment104_000_p4.mp3,18.2783,speech+music,,,,,,,,,
movie1_segment104_001_p0.mp3,47.51,speech+music,,,,,,,,,
movie1_segment104_001_p1.mp3,5.6969,music+noise,,,,,,,,,
movie1_segment108_000_p0.mp3,34.27,speech+music,,,,,,,,,
movie1_segment108_000_p1.mp3,20.75,music,,,,,,,,,
movie1_segment108_000_p2.mp3,44.9883,speech+music,,,,,,,,,
movie1_segment108_001_p0.mp3,12.63,speech+music,,,,,,,,,
movie1_segment108_001_p1.mp3,20.36,music,,,,,,,,,
movie1_segment108_001_p2.mp3,57.3,speech+music,,,,,,,,,
movie1_segment108_001_p3.mp3,8.9092,music,,,,,,,,,
movie1_segment113_p0.mp3,18.23,speech+music+noise,,,,,,,,,
movie1_segment122_p0.mp3,27.4,speech+music,,,,,,,,,
movie1_segment122_p1.mp3,17.76,speech+music+noise,wind_blowing,0,17.76,,,,,,
movie1_segment124.mp3,105.3956,speech+music,,,,,,,,,
movie1_segment127.mp3,59.6505,speech+music,,,,,,,,,
movie1_segment13_p0.mp3,8.97,speech+music,,,,,,,,,
movie1_segment13_p1.mp3,9.03,speech+music+noise,phone_ringing,0,9.03,,,,,,
movie1_segment13_p2.mp3,48.4214,speech+music,,,,,,,,,
movie1_segment130_p0.mp3,26.19,speech+music+noise,,,,,,,,,
movie1_segment130_p1.mp3,11.0676,speech+music,,,,,,,,,
movie1_segment132_p0.mp3,35.52,speech+music+noise,,,,,,,,,
movie1_segment137.mp3,39.8749,speech+music,,,,,,,,,
movie1_segment139_000_p0.mp3,53.15,speech+music,,,,,,,,,
movie1_segment139_000_p1.mp3,20.55,music,,,,,,,,,
movie1_segment139_000_p2.mp3,26.3083,speech+music,,,,,,,,,
movie1_segment139_001_p0.mp3,6.01,speech+music,,,,,,,,,
movie1_segment139_001_p1.mp3,9.31,music,,,,,,,,,
movie1_segment139_001_p2.mp3,59.879,speech+music,,,,,,,,,
movie1_segment142_p0.mp3,41.65,speech+music,,,,,,,,,
movie1_segment142_p1.mp3,10.17,music,,,,,,,,,
movie1_segment142_p2.mp3,35.6461,speech+music,,,,,,,,,
movie1_segment144_p0.mp3,52.64,speech+music+noise,,,,,,,,,
movie1_segment144_p1.mp3,7.57,music,,,,,,,,,
movie1_segment144_p2.mp3,1.02,noise,,,,,,,,,
movie1_segment146.mp3,23.7849,speech+music,,,,,,,,,
movie1_segment150.mp3,4.1669,speech+music,,,,,,,,,
movie1_segment152.mp3,12.0873,speech+music,,,,,,,,,
movie1_segment17_000.mp3,100.0083,speech+music,,,,,,,,,
movie1_segment17_001.mp3,100.0083,speech+music,,,,,,,,,
movie1_segment17_002_p0.mp3,9.96,music,,,,,,,,,
movie1_segment21_000.mp3,100.0083,speech+music,,,,,,,,,
movie1_segment21_001.mp3,79.86,speech+music,,,,,,,,,
movie1_segment25_000.mp3,100.0083,speech+music,,,,,,,,,
movie1_segment25_001_p0.mp3,11.39,music,,,,,,,,,
movie1_segment25_001_p1.mp3,7.7,speech+music+noise,,,,,,,,,
movie1_segment25_001_p2.mp3,14.93,music,,,,,,,,,
movie1_segment25_001_p3.mp3,31.8055,speech+music,,,,,,,,,
movie1_segment27_p0.mp3,40.49,speech+music,,,,,,,,,
movie1_segment27_p1.mp3,8.827,music+noise,,,,,,,,,
movie1_segment32_000_p0.mp3,14.97,speech+music,,,,,,,,,
movie1_segment32_000_p1.mp3,17.81,music,,,,,,,,,
movie1_segment32_000_p2.mp3,40.87,speech+music,,,,,,,,,
movie1_segment32_000_p3.mp3,10.98,music,,,,,,,,,
movie1_segment32_000_p4.mp3,15.3783,speech+music,,,,,,,,,
movie1_segment32_001_p0.mp3,27.21,speech+music,,,,,,,,,
movie1_segment32_001_p1.mp3,13.94,music,,,,,,,,,
movie1_segment32_001_p2.mp3,36.97,speech+music,,,,,,,,,
movie1_segment32_001_p3.mp3,10.83,music,,,,,,,,,
movie1_segment32_001_p4.mp3,11.0583,speech+music,,,,,,,,,
movie1_segment32_002_p0.mp3,45.65,speech+music,,,,,,,,,
movie1_segment32_002_p1.mp3,37.3889,music,,,,,,,,,
movie1_segment36_p0.mp3,15.6,speech+music,,,,,,,,,
movie1_segment36_p1.mp3,9.9,music,,,,,,,,,
movie1_segment36_p2.mp3,1.9292,speech+music,,,,,,,,,
movie1_segment38_p0.mp3,6.77,speech+music,,,,,,,,,
movie1_segment38_p1.mp3,8.53,music,,,,,,,,,
movie1_segment38_p2.mp3,59.6246,speech+music,,,,,,,,,
movie1_segment42_p0.mp3,7.02,speech+music+noise,,,,,,,,,
movie1_segment42_p1.mp3,45.6218,speech+music,,,,,,,,,
movie1_segment45_000.mp3,100.0083,speech+music,,,,,,,,,
movie1_segment45_001_p0.mp3,30.2668,music,,,,,,,,,
movie1_segment57_p0.mp3,14.33,speech+music+noise,,,,,,,,,
movie1_segment57_p1.mp3,79.52,speech+music,,,,,,,,,
movie1_segment57_p2.mp3,4.6191,music+noise,,,,,,,,,
movie1_segment59_000_p0.mp3,12.86,music,,,,,,,,,
movie1_segment59_000_p1.mp3,22.17,speech+music,,,,,,,,,
movie1_segment59_000_p2.mp3,12.43,music,,,,,,,,,
movie1_segment59_000_p3.mp3,24.95,speech+music,,,,,,,,,
movie1_segment59_000_p4.mp3,22.51,music,,,,,,,,,
movie1_segment59_000_p5.mp3,5.0883,speech+music,,,,,,,,,
movie1_segment59_001_p0.mp3,51.48,speech+music,,,,,,,,,
movie1_segment59_001_p1.mp3,22.58,music,,,,,,,,,
movie1_segment59_001_p2.mp3,25.9483,speech+music,,,,,,,,,
movie1_segment59_002.mp3,40.7502,speech+music,,,,,,,,,
movie1_segment62_000.mp3,100.0083,speech+music,,,,,,,,,
movie1_segment62_001.mp3,63.0703,speech+music,,,,,,,,,
movie1_segment64_p0.mp3,12.12,music+noise,,,,,,,,,
movie1_segment64_p1.mp3,5.18,speech+music+noise,,,,,,,,,
movie1_segment64_p2.mp3,74.5,speech+music,,,,,,,,,
movie1_segment64_p3.mp3,11.55,music+noise,,,,,,,,,
movie1_segment67_000_p0.mp3,83.2,speech+music,,,,,,,,,
movie1_segment67_000_p1.mp3,16.8083,speech+music+noise,,,,,,,,,
movie1_segment67_001_p0.mp3,22.53,speech+music,,,,,,,,,
movie1_segment67_001_p1.mp3,19.86,music+noise,,,,,,,,,
movie1_segment67_001_p2.mp3,26.2844,speech+music,,,,,,,,,
movie1_segment69_000_p0.mp3,47.44,speech+music,,,,,,,,,
movie1_segment69_000_p1.mp3,15.09,music,,,,,,,,,
movie1_segment69_000_p2.mp3,37.4783,speech+music,,,,,,,,,
movie1_segment69_001_p0.mp3,9.87,speech+music,,,,,,,,,
movie1_segment69_001_p1.mp3,22.45,music,,,,,,,,,
movie1_segment69_001_p2.mp3,46.91,speech+music,,,,,,,,,
movie1_segment69_001_p3.mp3,14.8,music,,,,,,,,,
movie1_segment69_001_p4.mp3,5.9783,speech+music,,,,,,,,,
movie1_segment69_002.mp3,55.5466,speech+music,,,,,,,,,
movie1_segment72_p0.mp3,5.44,speech+music,,,,,,,,,
movie1_segment72_p1.mp3,20.14,music,,,,,,,,,
movie1_segment72_p2.mp3,3.45,music+noise,,,,,,,,,
movie1_segment72_p3.mp3,35.3044,speech+music,,,,,,,,,
movie1_segment74_p0.mp3,8.88,speech+music,,,,,,,,,
movie1_segment74_p1.mp3,6.99,speech+music+noise,,,,,,,,,
movie1_segment74_p2.mp3,8.31,speech+music,,,,,,,,,
movie1_segment74_p3.mp3,27.0765,music+noise,,,,,,,,,
movie1_segment76_p0.mp3,25.99,speech+music,lightning,6.44,7.03,,,,,,
movie1_segment76_p1.mp3,33.02,speech+music+noise,wind_blowing,0,33.02,,,,,,
movie1_segment8_p0.mp3,5.69,speech+noise,,,,,,,,,
movie1_segment8_p1.mp3,20.1877,speech+music,,,,,,,,,
movie1_segment80_p0.mp3,15.26,speech+music+noise,wind_blowing,0,15.26,,,,,,
movie1_segment80_p1.mp3,17.249,speech+music,,,,,,,,,
movie1_segment85_000_p0.mp3,6.79,noise,bird_sound,0,6.79,,,,,,
movie1_segment85_000_p1.mp3,11.87,speech+music,,,,,,,,,
movie1_segment85_000_p2.mp3,12.43,music,,,,,,,,,
movie1_segment85_000_p3.mp3,29.71,speech+music,,,,,,,,,
movie1_segment85_000_p4.mp3,14.68,music,,,,,,,,,
movie1_segment85_000_p5.mp3,24.5283,speech+music,,,,,,,,,
movie1_segment85_001_p0.mp3,23.24,speech+music,,,,,,,,,
movie1_segment85_001_p1.mp3,29.17,music,,,,,,,,,
movie1_segment85_001_p2.mp3,47.5983,speech+music,,,,,,,,,
movie1_segment85_002_p0.mp3,14.09,music,,,,,,,,,
movie1_segment85_002_p1.mp3,65.51,speech+music,,,,,,,,,
movie1_segment85_002_p2.mp3,13.2597,music,,,,,,,,,
movie1_segment88.mp3,94.3641,speech+music,,,,,,,,,
movie1_segment90.mp3,59.5683,speech+music,,,,,,,,,
movie1_segment93_p0.mp3,13.09,speech+music,,,,,,,,,
movie1_segment93_p1.mp3,33.73,speech+music+noise,,,,,,,,,
movie1_segment98_p0.mp3,46.7168,speech+music+noise,,,,,,,,,
movie2_segment102_p0.mp3,32.56,speech+music,,,,,,,,,
movie2_segment102_p1.mp3,5.69,music,,,,,,,,,
movie2_segment102_p2.mp3,14.4269,speech+music,,,,,,,,,
movie2_segment104_p0.mp3,15.43,speech+music,,,,,,,,,
movie2_segment104_p1.mp3,7.71,music,noise,7.07,7.71,,,,,,
movie2_segment104_p2.mp3,4.4824,speech+music,,,,,,,,,
movie2_segment106_p0.mp3,1.91,noise,,,,,,,,,
movie2_segment106_p1.mp3,40.09,speech+music,,,,,,,,,
movie2_segment106_p2.mp3,9.1277,speech+music+noise,,,,,,,,,
movie2_segment111_000.mp3,100.0083,speech+music,,,,,,,,,
movie2_segment111_001_p0.mp3,79.94,speech+music,,,,,,,,,
movie2_segment111_001_p1.mp3,4.79,speech,,,,,,,,,
movie2_segment111_001_p2.mp3,15.2783,speech+music,,,,,,,,,
movie2_segment111_002_p0.mp3,62.58,speech+music,,,,,,,,,
movie2_segment111_002_p1.mp3,14.63,speech+noise,,,,,,,,,
movie2_segment111_002_p2.mp3,22.7751,speech+music,,,,,,,,,
movie2_segment111_003.mp3,100.0083,speech+music,,,,,,,,,
movie2_segment111_004_p1.mp3,3.5,speech,,,,,,,,,
movie2_segment111_004_p2.mp3,62.7302,speech+music,,,,,,,,,
movie2_segment113_p0.mp3,1.51,speech+music,,,,,,,,,
movie2_segment113_p1.mp3,7.83,speech+music+noise,airplane_sound,0,7.83,,,,,,
movie2_segment113_p2.mp3,30.22,speech+music,,,,,,,,,
movie2_segment113_p3.mp3,7.65,music+noise,,,,,,,,,
movie2_segment117_p0.mp3,5.12,speech+music,,,,,,,,,
movie2_segment117_p1.mp3,5.25,speech,,,,,,,,,
movie2_segment117_p2.mp3,41.6812,speech+music,,,,,,,,,
movie2_segment119.mp3,29.1974,speech+music,,,,,,,,,
movie2_segment123_p0.mp3,18.8,speech+music,,,,,,,,,
movie2_segment123_p1.mp3,18.7699,music,,,,,,,,,
movie2_segment126_000_p0.mp3,19.48,speech+music,,,,,,,,,
movie2_segment126_000_p1.mp3,15.67,music+noise,,,,,,,,,
movie2_segment126_000_p2.mp3,64.8583,speech+music,,,,,,,,,
movie2_segment126_001_p0.mp3,55.84,speech+music,,,,,,,,,
movie2_segment126_001_p1.mp3,14.55,music+noise,,,,,,,,,
movie2_segment126_001_p2.mp3,29.6183,speech+music,,,,,,,,,
movie2_segment126_002_p0.mp3,6.32,speech+music,,,,,,,,,
movie2_segment126_002_p1.mp3,9.26,speech,,,,,,,,,
movie2_segment126_002_p2.mp3,17.57,speech+music,,,,,,,,,
movie2_segment126_002_p3.mp3,19.3,speech,,,,,,,,,
movie2_segment126_002_p4.mp3,35.66,speech+music,,,,,,,,,
movie2_segment126_002_p5.mp3,4.2,speech+noise,,,,,,,,,
movie2_segment126_002_p6.mp3,7.6751,speech+music,,,,,,,,,
movie2_segment126_003.mp3,100.0083,speech+music,,,,,,,,,
movie2_segment126_004_p0.mp3,61.13,speech+music,,,,,,,,,
movie2_segment126_004_p1.mp3,7.3,music,,,,,,,,,
movie2_segment14.mp3,9.2682,speech+music,,,,,,,,,
movie2_segment21_000_p0.mp3,6.67,noise,,,,,,,,,
movie2_segment21_000_p1.mp3,93.3383,speech+music,,,,,,,,,
movie2_segment21_001.mp3,100.0083,speech+music,,,,,,,,,
movie2_segment21_002_p0.mp3,35.66,speech+music,,,,,,,,,
movie2_segment21_002_p1.mp3,7.53,speech+music+noise,,,,,,,,,
movie2_segment21_002_p2.mp3,56.7951,speech+music,,,,,,,,,
movie2_segment21_003_p0.mp3,89.96,speech+music,,,,,,,,,
movie2_segment21_003_p1.mp3,1.94,speech+music+noise,phone_ringing,0,1.94,,,,,,
movie2_segment21_003_p2.mp3,8.1083,speech+music,,,,,,,,,
movie2_segment21_004_p0.mp3,61.8903,speech+music,,,,,,,,,
movie2_segment23_p0.mp3,21.3,speech+music,,,,,,,,,
movie2_segment23_p1.mp3,9.34,music+noise,,,,,,,,,
movie2_segment23_p2.mp3,32.7812,speech+music,,,,,,,,,
movie2_segment28_p0.mp3,6.76,music,,,,,,,,,
movie2_segment28_p1.mp3,9.4755,speech+music,,,,,,,,,
movie2_segment30_p0.mp3,2.52,music,,,,,,,,,
movie2_segment30_p1.mp3,1.6469,speech+music,,,,,,,,,
movie2_segment33.mp3,42.7947,speech+music,,,,,,,,,
movie2_segment36_p0.mp3,8.27,music+noise,,,,,,,,,
movie2_segment36_p1.mp3,63.5424,speech+music,,,,,,,,,
movie2_segment38_p0.mp3,17.77,speech+music,,,,,,,,,
movie2_segment38_p1.mp3,3.97,speech+noise,,,,,,,,,
movie2_segment38_p2.mp3,4.4191,speech+music,,,,,,,,,
movie2_segment4_p0.mp3,4.57,music,,,,,,,,,
movie2_segment4_p1.mp3,5.84,speech+music,,,,,,,,,
movie2_segment4_p2.mp3,9.25,music,,,,,,,,,
movie2_segment40.mp3,35.803,speech+music,,,,,,,,,
movie2_segment42.mp3,33.3698,speech+music,,,,,,,,,
movie2_segment44_p0.mp3,26.39,speech+music,,,,,,,,,
movie2_segment44_p1.mp3,9.81,music,,,,,,,,,
movie2_segment44_p2.mp3,1.4442,speech+music,,,,,,,,,
movie2_segment48_p0.mp3,6.64,music,,,,,,,,,
movie2_segment48_p1.mp3,22.4407,speech+music,,,,,,,,,
movie2_segment52_p0_5401.mp3,10.09,speech+noise,,,,,,,,,
movie2_segment52_p1.mp3,3.62,speech+music,,,,,,,,,
movie2_segment52_p2.mp3,6.18,music,,,,,,,,,
movie2_segment52_p3.mp3,5.59,music+noise,,,,,,,,,
movie2_segment52_p4.mp3,11.8794,speech+music,,,,,,,,,
movie2_segment56_p0.mp3,1.94,speech+noise,,,,,,,,,
movie2_segment56_p1.mp3,19.38,music,,,,,,,,,
movie2_segment58_p0.mp3,14.32,speech+music,,,,,,,,,
movie2_segment58_p1.mp3,3.8277,speech+music+noise,,,,,,,,,
movie2_segment6_p0.mp3,17.08,noise,,,,,,,,,
movie2_segment6_p1.mp3,9.38,speech+noise,,,,,,,,,
movie2_segment6_p2.mp3,21.53,speech+music,,,,,,,,,
movie2_segment6_p3.mp3,8.07,speech+music+noise,,,,,,,,,
movie2_segment6_p4.mp3,32.7776,speech+music,,,,,,,,,
movie2_segment61_p0.mp3,10.23,speech+music,,,,,,,,,
movie2_segment61_p1.mp3,14.1498,speech+music+noise,,,,,,,,,
movie2_segment66_p0.mp3,8.75,speech+music,,,,,,,,,
movie2_segment66_p1.mp3,3.636,speech,,,,,,,,,
movie2_segment68_000.mp3,100.0083,speech+music,,,,,,,,,
movie2_segment68_001_p0.mp3,31.4,speech+music+noise,,,,,,,,,
movie2_segment68_001_p1.mp3,52.1616,speech+music,,,,,,,,,
movie2_segment71_p0.mp3,4.34,speech+noise,,,,,,,,,
movie2_segment71_p1.mp3,3,speech+music,,,,,,,,,
movie2_segment71_p2.mp3,19.47,music+noise,,,,,,,,,
movie2_segment71_p3.mp3,8.18,speech+music,,,,,,,,,
movie2_segment71_p4.mp3,2.19,speech,,,,,,,,,
movie2_segment78_000_p0.mp3,100.0083,speech+music,,,,,,,,,
movie2_segment78_001_p0.mp3,22.95,music,,,,,,,,,
movie2_segment78_001_p1.mp3,3.2546,speech+music,,,,,,,,,
movie2_segment8_p0.mp3,6.23,speech+music+noise,phone_ringing,0,6.23,,,,,,
movie2_segment81_000.mp3,100.0083,speech+music,,,,,,,,,
movie2_segment81_001.mp3,35.2441,speech+music,,,,,,,,,
movie2_segment83_000_p0.mp3,6.15,speech+music+noise,,,,,,,,,
movie2_segment83_000_p1.mp3,88.22,speech+music,,,,,,,,,
movie2_segment83_000_p2.mp3,5.6383,noise,,,,,,,,,
movie2_segment83_001_p0.mp3,21.8,speech+music,,,,,,,,,
movie2_segment83_001_p1.mp3,7.09,music,,,,,,,,,
movie2_segment83_001_p2.mp3,8.4811,speech+music,,,,,,,,,
movie2_segment85.mp3,82.4869,speech+music,,,,,,,,,
movie2_segment87_p0.mp3,39.33,speech+music,,,,,,,,,
movie2_segment87_p1.mp3,4.51,speech,,,,,,,,,
movie2_segment87_p2.mp3,32.6474,speech+music,,,,,,,,,
movie2_segment89_p0.mp3,3.79,speech,,,,,,,,,
movie2_segment89_p1.mp3,20.9316,speech+music,,,,,,,,,
movie2_segment91_p0.mp3,30.86,speech+music,,,,,,,,,
movie2_segment91_p1.mp3,3.5,noise,,,,,,,,,
movie2_segment91_p2.mp3,23.72,speech+music,,,,,,,,,
movie2_segment91_p3.mp3,5.1,speech+music+noise,,,,,,,,,
movie2_segment91_p4.mp3,10.4661,speech+music,,,,,,,,,
movie2_segment93.mp3,73.3132,speech+music,,,,,,,,,
movie2_segment95.mp3,20.7906,speech+music,,,,,,,,,
movie2_segment97_000_p0.mp3,51.86,speech+music,,,,,,,,,
movie2_segment97_000_p1.mp3,9.44,speech+music+noise,,,,,,,,,
movie2_segment97_000_p2.mp3,38.7083,speech+music,,,,,,,,,
movie2_segment97_001.mp3,40.4915,speech+music,,,,,,,,,
movie2_segment99.mp3,31.8027,speech+music,,,,,,,,,
movie3_segment10_p0.mp3,112.2756,speech+noise,,,,,,,,,
movie3_segment101_000.mp3,100.0083,speech+music,,,,,,,,,
movie3_segment101_001.mp3,19.4815,speech+music,,,,,,,,,
movie3_segment106_000_p0.mp3,9.32,speech+music,,,,,,,,,
movie3_segment106_000_p1.mp3,13.44,music,,,,,,,,,
movie3_segment106_000_p2.mp3,59.25,speech+music,,,,,,,,,
movie3_segment106_000_p3.mp3,4.34,speech+music+noise,,,,,,,,,
movie3_segment106_000_p4.mp3,13.6584,speech+music,,,,,,,,,
movie3_segment106_001_p0.mp3,3.19,speech+music,,,,,,,,,
movie3_segment106_001_p1.mp3,14.65,speech+music+noise,,,,,,,,,
movie3_segment108_p0.mp3,27.33,speech+music,,,,,,,,,
movie3_segment108_p1.mp3,9.72,noise,,,,,,,,,
movie3_segment108_p2.mp3,51.377,speech+music,,,,,,,,,
movie3_segment12_000_p0.mp3,2.6,music+noise,,,,,,,,,
movie3_segment12_000_p1.mp3,9.77,music,,,,,,,,,
movie3_segment12_000_p2.mp3,80.64,speech+music,,,,,,,,,
movie3_segment12_000_p3.mp3,6.9983,music,,,,,,,,,
movie3_segment12_001_p0.mp3,51.25,speech+music,,,,,,,,,
movie3_segment12_001_p1.mp3,13.65,music,,,,,,,,,
movie3_segment12_001_p2.mp3,35.1083,speech+music,,,,,,,,,
movie3_segment12_002_p0.mp3,8.25,speech+music,,,,,,,,,
movie3_segment12_002_p1.mp3,10.8288,music+noise,,,,,,,,,
movie3_segment14.mp3,21.2741,speech+music,,,,,,,,,
movie3_segment16_p0.mp3,7.87,music,,,,,,,,,
movie3_segment16_p1.mp3,30.9301,speech+music,,,,,,,,,
movie3_segment18.mp3,65.0991,speech+music,,,,,,,,,
movie3_segment2_p0.mp3,54.54,speech+music,,,,,,,,,
movie3_segment2_p1.mp3,43.74,speech+noise,,,,,,,,,
movie3_segment20_000_p0.mp3,62.77,speech+music,,,,,,,,,
movie3_segment20_000_p1.mp3,37.2383,music,,,,,,,,,
movie3_segment20_001_p0.mp3,10.45,music,,,,,,,,,
movie3_segment20_001_p1.mp3,36.98,speech+music,,,,,,,,,
movie3_segment20_001_p2.mp3,20.23,music,,,,,,,,,
movie3_segment20_001_p3.mp3,32.3483,speech+music,,,,,,,,,
movie3_segment20_002_p0.mp3,7.66,speech+music,,,,,,,,,
movie3_segment20_002_p1.mp3,15.98,music,,,,,,,,,
movie3_segment20_002_p2.mp3,39.24,speech+music,,,,,,,,,
movie3_segment20_002_p3.mp3,19.05,music,,,,,,,,,
movie3_segment20_002_p4.mp3,18.0551,speech+music,,,,,,,,,
movie3_segment20_003_p0.mp3,24.68,speech+music,,,,,,,,,
movie3_segment20_003_p1.mp3,4.98,noise,,,,,,,,,
movie3_segment22.mp3,95.1702,speech+music,,,,,,,,,
movie3_segment26.mp3,44.2248,speech+music,,,,,,,,,
movie3_segment30_p0.mp3,21.22,speech+music,,,,,,,,,
movie3_segment30_p1.mp3,8.52,music,,,,,,,,,
movie3_segment35_000_p0.mp3,10.21,music,,,,,,,,,
movie3_segment35_000_p1.mp3,36.17,speech+music,,,,,,,,,
movie3_segment35_000_p2.mp3,16.14,music,,,,,,,,,
movie3_segment35_000_p3.mp3,37.4883,speech+music,,,,,,,,,
movie3_segment35_001_p0.mp3,7.55,speech+music,,,,,,,,,
movie3_segment35_001_p1.mp3,10.58,music,,,,,,,,,
movie3_segment35_001_p2.mp3,44.78,speech+music,,,,,,,,,
movie3_segment35_001_p3.mp3,16.03,music,,,,,,,,,
movie3_segment35_001_p4.mp3,21.0683,speech+music,,,,,,,,,
movie3_segment35_002_p0.mp3,39.73,speech+music,,,,,,,,,
movie3_segment35_002_p1.mp3,5.93,music,,,,,,,,,
movie3_segment35_002_p2.mp3,4.76,noise,,,,,,,,,
movie3_segment38.mp3,17.0994,speech+music,,,,,,,,,
movie3_segment4_000_p0.mp3,20.27,music,,,,,,,,,
movie3_segment4_000_p1.mp3,18.49,speech+music,,,,,,,,,
movie3_segment4_000_p2.mp3,10.96,music,,,,,,,,,
movie3_segment4_000_p3.mp3,50.2883,speech+music,,,,,,,,,
movie3_segment4_001_p0.mp3,11.89,music,,,,,,,,,
movie3_segment4_001_p1.mp3,49.17,speech+music,,,,,,,,,
movie3_segment4_001_p2.mp3,4.25,speech+music+noise,bird_sound,0,4.25,,,,,,
movie3_segment40.mp3,28.6112,speech+music,,,,,,,,,
movie3_segment42_p0.mp3,21.68,speech+music,,,,,,,,,
movie3_segment42_p1.mp3,7.63,music,,,,,,,,,
movie3_segment42_p2.mp3,26.1996,speech+music,,,,,,,,,
movie3_segment46_000_p0.mp3,20.76,music+noise,,,,,,,,,
movie3_segment46_000_p1.mp3,11.26,speech+music,,,,,,,,,
movie3_segment46_000_p2.mp3,5.27,speech+music+noise,,,,,,,,,
movie3_segment46_000_p3.mp3,1.99,speech+music,,,,,,,,,
movie3_segment46_000_p4.mp3,14.57,music+noise,,,,,,,,,
movie3_segment46_000_p5.mp3,17.31,speech+music,,,,,,,,,
movie3_segment46_000_p6.mp3,3.47,speech+music+noise,,,,,,,,,
movie3_segment46_000_p7.mp3,13.78,speech+music,,,,,,,,,
movie3_segment46_000_p8.mp3,3.11,speech+music+noise,,,,,,,,,
movie3_segment46_000_p9.mp3,8.4883,speech+music,,,,,,,,,
movie3_segment46_001_p0.mp3,3.16,speech+music,,,,,,,,,
movie3_segment46_001_p1.mp3,12.55,music+noise,,,,,,,,,
movie3_segment46_001_p2.mp3,7.77,speech+music,,,,,,,,,
movie3_segment46_001_p3.mp3,3.58,speech+music+noise,,,,,,,,,
movie3_segment46_001_p4.mp3,33.95,speech+music,,,,,,,,,
movie3_segment46_001_p5.mp3,3.34,speech+music+noise,,,,,,,,,
movie3_segment46_001_p6.mp3,5.71,noise,thunder,0,5.71,,,,,,
movie3_segment48.mp3,30.6523,speech+music,,,,,,,,,
movie3_segment50_p0.mp3,21.75,speech+music,,,,,,,,,
movie3_segment50_p1.mp3,9.77,noise,temple_bell,0,9.77,,,,,,
movie3_segment50_p2.mp3,30.5188,speech+music,,,,,,,,,
movie3_segment53.mp3,51.6409,speech+music,,,,,,,,,
movie3_segment56.mp3,32.6139,speech+music,,,,,,,,,
movie3_segment58_p0.mp3,7.21,speech+music,,,,,,,,,
movie3_segment58_p1.mp3,17.2884,music,,,,,,,,,
movie3_segment60_p0.mp3,24.19,speech+music,,,,,,,,,
movie3_segment60_p1.mp3,25.63,music,,,,,,,,,
movie3_segment62_p0.mp3,4.61,speech+music,,,,,,,,,
movie3_segment62_p1.mp3,8.23,music,,,,,,,,,
movie3_segment65_p0.mp3,82.16,speech+music,,,,,,,,,
movie3_segment65_p1.mp3,3.89,speech,,,,,,,,,
movie3_segment67_000_p0.mp3,20.32,music,,,,,,,,,
movie3_segment67_000_p1.mp3,22.43,speech+music,,,,,,,,,
movie3_segment67_000_p2.mp3,13.73,music,,,,,,,,,
movie3_segment67_000_p3.mp3,37.58,speech+music,,,,,,,,,
movie3_segment67_000_p4.mp3,5.9483,music,,,,,,,,,
movie3_segment67_001_p0.mp3,12.69,music,,,,,,,,,
movie3_segment67_001_p1.mp3,37.46,speech+music,,,,,,,,,
movie3_segment67_001_p2.mp3,13.88,music,,,,,,,,,
movie3_segment67_001_p3.mp3,35.9783,speech+music,,,,,,,,,
movie3_segment67_002_p0.mp3,9.71,speech+music,,,,,,,,,
movie3_segment67_002_p1.mp3,5.73,speech,singing_voice,0,5.73,,,,,,
movie3_segment7_000_p0.mp3,11.92,speech+noise,,,,,,,,,
movie3_segment7_000_p1.mp3,88.0883,music,,,,,,,,,
movie3_segment7_001_p0.mp3,16.74,music,,,,,,,,,
movie3_segment73_p0.mp3,31.29,speech+music,,,,,,,,,
movie3_segment73_p1.mp3,5.36,music,,,,,,,,,
movie3_segment73_p3.mp3,5.03,music,,,,,,,,,
movie3_segment73_p4.mp3,13.24,speech+music,,,,,,,,,
movie3_segment73_p5.mp3,14.92,music+noise,,,,,,,,,
movie3_segment73_p6.mp3,3.79,speech+music,,,,,,,,,
movie3_segment73_p7.mp3,17.13,music,,,,,,,,,
movie3_segment75_p0.mp3,21.67,speech+music,,,,,,,,,
movie3_segment75_p1.mp3,6.9971,speech,,,,,,,,,
movie3_segment77.mp3,20.612,speech+music,,,,,,,,,
movie3_segment79.mp3,27.9584,speech+music,,,,,,,,,
movie3_segment81_p0.mp3,17.09,speech+music,,,,,,,,,
movie3_segment81_p1.mp3,3.7368,music,,,,,,,,,
movie3_segment83_p0.mp3,75.5,speech+music,,,,,,,,,
movie3_segment83_p1.mp3,15.828,music+noise,,,,,,,,,
movie3_segment85_p0.mp3,20.67,music,,,,,,,,,
movie3_segment85_p1.mp3,34.17,speech+music,,,,,,,,,
movie3_segment85_p2.mp3,5.35,music,,,,,,,,,
movie3_segment85_p3.mp3,1.6211,speech+music,,,,,,,,,
movie3_segment88_000_p0.mp3,6.54,music,,,,,,,,,
movie3_segment88_000_p1.mp3,27.37,speech+music,,,,,,,,,
movie3_segment88_000_p2.mp3,6.66,speech+music+noise,,,,,,,,,
movie3_segment88_000_p3.mp3,14.25,music,,,,,,,,,
movie3_segment88_000_p4.mp3,41.21,speech+music,,,,,,,,,
movie3_segment88_000_p5.mp3,3.9783,music,,,,,,,,,
movie3_segment88_001_p0.mp3,9.97,music,,,,,,,,,
movie3_segment88_001_p1.mp3,40.59,speech+music,,,,,,,,,
movie3_segment88_001_p2.mp3,13.72,music,,,,,,,,,
movie3_segment88_001_p3.mp3,35.7283,speech+music,,,,,,,,,
movie3_segment88_002.mp3,10.6481,speech+music,,,,,,,,,
movie3_segment91_000.mp3,100.0083,speech+music,,,,,,,,,
movie3_segment91_001_p0.mp3,14.76,speech+music,,,,,,,,,
movie3_segment91_001_p1.mp3,3.75,music,,,,,,,,,
movie3_segment93_p0.mp3,9.11,noise,,,,,,,,,
movie3_segment93_p1.mp3,19.72,speech+music,,,,,,,,,
movie3_segment93_p2.mp3,8.89,music+noise,,,,,,,,,
movie3_segment96_p0.mp3,3.95,noise,,,,,,,,,
movie3_segment96_p1.mp3,20.1068,speech+music,,,,,,,,,
movie3_segment99_000.mp3,100.0083,speech+music,,,,,,,,,
movie3_segment99_001.mp3,100.0083,speech+music,,,,,,,,,
movie3_segment99_002.mp3,99.9851,speech+music,,,,,,,,,
movie3_segment99_003.mp3,35.3045,speech+music,,,,,,,,,
movie1_segment54.mp3,44.8718,music,,,,,,,,,
movie0_segment92_p0.mp3,10.53,music,,,,,,,,,
movie0_segment92_p1.mp3,2.38,music+noise,glass_breaking,0,2.38,,,,,,
movie0_segment92_p2.mp3,49.62,music,shout,17.53,17.77,noise,18.35,18.64,shout,48.33,49.02
movie0_segment92_p3.mp3,1.1754,music+noise,gun_shot,0,1.18,,,,,,
movie2_segment71.mp3,8.6033,music,,,,,,,,,
movie2_segment103.mp3,15.5155,music,,,,,,,,,
movie1_segment103_p0.mp3,5.05,music+noise,,,,,,,,,
movie1_segment103_p1.mp3,11.7709,music,,,,,,,,,
movie2_segment151.mp3,9.4852,music,,,,,,,,,
movie2_segment41_p0.mp3,11.55,music,,,,,,,,,
movie2_segment41_p1.mp3,14.3096,music+noise,motor_boat,0,14.31,,,,,,
movie0_segment29_p0.mp3,10.95,music+noise,,,,,,,,,
movie0_segment29_p1.mp3,10.3237,music,,,,,,,,,
movie2_segment12_p0.mp3,11.4856,music,speech,10.68,11.48,,,,,,
movie0_segment44_p0.mp3,5.78,noise,,,,,,,,,
movie0_segment44_p1.mp3,29.2,music+noise,wind_blowing,0,29.2,,,,,,
movie1_segment2.mp3,9.0958,music,,,,,,,,,
movie2_segment135_p0.mp3,1.41,music+noise,scream,0,1.41,,,,,,
movie2_segment135_p1.mp3,34.19,music,,,,,,,,,
movie2_segment135_p2.mp3,3.25,music+noise,scream,0,3.25,,,,,,
movie2_segment135_p3.mp3,2.8191,music,,,,,,,,,
movie2_segment125.mp3,27.4756,music,,,,,,,,,
movie0_segment49.mp3,58.4961,music,,,,,,,,,
movie2_segment2_2_p0.mp3,68.74,music,,,,,,,,,
movie2_segment2_2_p1.mp3,16.8,music+noise,,,,,,,,,
movie2_segment2_2_p2.mp3,14.4683,music,,,,,,,,,
movie3_segment56.mp3,18.165,music,,,,,,,,,
movie3_segment26.mp3,24.4547,music,,,,,,,,,
movie0_segment27.mp3,8.9925,music,,,,,,,,,
movie0_segment6.mp3,21.8708,music,,,,,,,,,
movie0_segment95_p0.mp3,52.19,music,,,,,,,,,
movie0_segment95_p1.mp3,3.1292,speech+music,,,,,,,,,
movie0_segment1_p0.mp3,10.82,music,,,,,,,,,
movie0_segment1_p1.mp3,19.85,music+noise,bird_sound,0,19.85,,,,,,
movie0_segment1_p2.mp3,5.9745,music,,,,,,,,,
movie1_segment20_p0.mp3,18.2605,music,,,,,,,,,
movie3_segment3_p0.mp3,8.16,music,,,,,,,,,
movie3_segment3_p1.mp3,8.54,music+noise,crowd_cheering,0,8.54,,,,,,
movie3_segment3_p2.mp3,4.9751,music,,,,,,,,,
movie3_segment65.mp3,5.954,music,,,,,,,,,
movie3_segment77_p0.mp3,24.25,music,speech,2.09,2.72,,,,,,
movie3_segment77_p1.mp3,11.21,music+noise,,,,,,,,,
movie2_segment138_p0.mp3,30.99,music,,,,,,,,,
movie2_segment138_p1.mp3,20.89,music+noise,,,,,,,,,
movie2_segment138_p2.mp3,10.9317,music,,,,,,,,,
movie2_segment100.mp3,18.0047,music,,,,,,,,,
movie0_segment97_p0.mp3,13.67,music,,,,,,,,,
movie0_segment97_p1.mp3,7.0153,music+noise,,,,,,,,,
movie0_segment63_p0.mp3,17.43,music,,,,,,,,,
movie0_segment63_p1.mp3,3.72,music+noise,,,,,,,,,
movie1_segment77_p0.mp3,33.98,music,,,,,,,,,
movie1_segment77_p1.mp3,2.41,music+noise,phone_ringing,0,2.41,,,,,,
movie1_segment77_p2.mp3,1.3164,music+noise,,,,,,,,,
movie2_segment89.mp3,14.4633,music,,,,,,,,,
movie3_segment47_p0.mp3,20.87,music,,,,,,,,,
movie3_segment47_p1.mp3,11.29,music+noise,crowd_cheering,0,11.29,,,,,,
movie3_segment47_p2.mp3,25.7958,music+noise,,,,,,,,,
movie2_segment78.mp3,22.5257,music,,,,,,,,,
movie1_segment5_p0.mp3,67.4834,music,,,,,,,,,
movie2_segment68.mp3,17.5029,music,,,,,,,,,
movie2_segment2_3_p0.mp3,53.42,music+noise,,,,,,,,,
movie2_segment48.mp3,13.6087,music,,,,,,,,,
movie3_segment49_p0.mp3,18.59,music,speech,7.02,7.35,,,,,,
movie3_segment49_p1.mp3,1.09,speech+music,,,,,,,,,
movie3_segment49_p2.mp3,10.3205,music,speech,3.14,3.46,,,,,,
movie3_segment9_p0.mp3,21.26,speech+music,,,,,,,,,
movie3_segment35.mp3,27.4012,music,,,,,,,,,
movie0_segment104_p0.mp3,9.1469,music,speech,6.65,7.18,,,,,,
movie2_segment123_p0.mp3,32.58,music+noise,wind_blowing,0,32.58,,,,,,
movie2_segment123_p1_8835.mp3,10.0876,music,,,,,,,,,
movie3_segment38_p0.mp3,10.46,music,,,,,,,,,
movie3_segment38_p1.mp3,2.21,speech+music,,,,,,,,,
movie3_segment38_p2.mp3,19.995,music,,,,,,,,,
movie0_segment24.mp3,22.7253,music,,,,,,,,,
movie3_segment1.mp3,42.3601,music,,,,,,,,,
movie2_segment44_p0.mp3,28.5879,music+noise,,,,,,,,,
movie1_segment115_p0.mp3,12.2583,music,,,,,,,,,
movie1_segment46.mp3,9.367,music,,,,,,,,,
movie3_segment73_p0.mp3,33.79,music+noise,,,,,,,,,
movie3_segment73_p1_2682.mp3,9.0069,music,,,,,,,,,
movie2_segment56.mp3,10.2513,music,,,,,,,,,
movie3_segment81_p0_3739.mp3,16.6254,speech+music,,,,,,,,,
movie3_segment84_p0.mp3,33.94,music+noise,,,,,,,,,
movie1_segment75_p0.mp3,15.09,music,,,,,,,,,
movie1_segment75_p1.mp3,3.31,music+noise,,,,,,,,,
movie1_segment75_p2.mp3,4.0742,music,,,,,,,,,
movie2_segment153.mp3,10.0523,music,,,,,,,,,
movie1_segment22.mp3,12.4989,music,,,,,,,,,
movie2_segment46.mp3,3.9349,music,,,,,,,,,
movie3_segment68_p0.mp3,15.46,music,,,,,,,,,
movie3_segment68_p1.mp3,17.81,speech+music,,,,,,,,,
movie2_segment35.mp3,38.2346,music,,,,,,,,,
movie0_segment102.mp3,20.609,music,,,,,,,,,
movie2_segment2_1.mp3,100.0083,music,,,,,,,,,
movie2_segment107_p0.mp3,28.07,music,,,,,,,,,
movie2_segment107_p1.mp3,10.41,speech+music,,,,,,,,,
movie2_segment107_p2.mp3,3.9665,music,,,,,,,,,
